year,inflation,oil_price,inflation_lag1,type
2010,0.88,79.61,,Actual
2011,0.88,111.26,0.88,Actual
2012,0.66,111.63,0.88,Actual
2013,1.1,108.56,0.66,Actual
2014,2.35,98.97,1.1,Actual
2015,4.07,52.32,2.35,Actual
2016,1.62,43.64,4.07,Actual
2017,1.97,54.13,1.62,Actual
2018,3.07,71.34,1.97,Actual
2019,-1.93,64.3,3.07,Actual
2020,-2.08,41.96,-1.93,Actual
2021,0.18,70.86,-2.08,Actual
2022,4.82,100.93,0.18,Actual
2023,1.63,82.49,4.82,Actual
2024,1.66,80.52,1.63,Actual
2025,1.25,69.14,1.66,Actual
2026,1.24,70.0,1.25,Forecast
